fe,num_examples,baseline.fn,fn+exemplars,fn+exemplars+siblings,fn+exemplars+srl
Abounding_with;Location,16,0.758620689655172,0.848484848484849,0.848484848484849,0.848484848484849
Abounding_with;Theme,14,0.285714285714286,0.56,0.56,0.56
Abusing;Type,1,0,0,0,0
Abusing;Victim,1,0,0,0,0
Accompaniment;Coparticipant,2,1,1,1,0.666666666666667
Accompaniment;Participant,1,0,0,0,0
Accomplishment;Agent,1,1,1,1,1
Accomplishment;Goal,3,0,0.666666666666667,0.666666666666667,0.666666666666667
Accomplishment;Means,2,0,0,0,0
Active_substance;Effect,1,0,0,0,0
Active_substance;Substance,2,1,1,1,1
Activity_done_state;Activity,1,0,0,0,0
Activity_done_state;Agent,1,0,1,1,1
Activity_finish;Activity,11,0.636363636363636,0.545454545454545,0.545454545454545,0.545454545454545
Activity_finish;Agent,9,0.875,0.875,0.823529411764706,0.941176470588235
Activity_finish;Purpose,1,0,0,0,0
Activity_finish;Time,1,0,0,0,0
Activity_ongoing;Activity,15,0.8,0.8,0.8,0.8
Activity_ongoing;Agent,13,0.782608695652174,0.8,0.75,0.75
Activity_ongoing;Duration,1,0,0,0.666666666666667,0
Activity_ongoing;Manner,1,0,0,0,0
Activity_ongoing;Purpose,1,0,0,0,0
Activity_ongoing;Time,3,0.857142857142857,0.8,0.8,0.5
Activity_pause;Activity,8,0.75,0.705882352941177,0.666666666666667,0.75
Activity_pause;Agent,6,0.857142857142857,0.909090909090909,1,0.909090909090909
Activity_pause;Time,1,0,0,0,0
Activity_prepare;Activity,1,1,0,1,0
Activity_prepare;Agent,1,1,0,1,0
Activity_ready_state;Activity,4,0.5,0.571428571428572,0.571428571428572,0.571428571428572
Activity_ready_state;Protagonist,5,0.888888888888889,0.75,1,0.75
Activity_ready_state;Salient_entity,1,0,1,1,1
Activity_ready_state;Time,1,0,0,0,0
Activity_start;Activity,17,0.823529411764706,0.764705882352941,0.857142857142857,0.764705882352941
Activity_start;Agent,17,0.882352941176471,0.857142857142857,0.857142857142857,0.857142857142857
Activity_start;Time,5,0.8,0.8,0.909090909090909,0.8
Activity_stop;Activity,1,0,0,0,0
Activity_stop;Agent,1,1,1,1,1
Addiction;Addict,2,0,0.5,0.5,0.5
Adducing;Medium,1,0,0,0,0
Adducing;Role,1,0,1,1,1
Adducing;Speaker,1,0.666666666666667,0.666666666666667,0.666666666666667,0.666666666666667
Adducing;Specified_entity,2,0.5,0.5,0.5,1
Adducing;Time,1,1,1,1,1
Adjusting;Agent,1,0,0,0,0
Adjusting;Time,1,0,0,0,0
Aesthetics;Attribute,1,0,0,0,0
Aesthetics;Degree,1,1,1,1,1
Aesthetics;Entity,1,0,0,0,0
Age;Age,25,0.682926829268293,0.711111111111111,0.634146341463415,0.711111111111111
Age;Entity,25,0.705882352941177,0.588235294117647,0.576923076923077,0.588235294117647
Aggregate;Aggregate,42,0.952380952380952,0.952380952380952,0.952380952380952,0.952380952380952
Aggregate;AggregateProperty,7,0.181818181818182,0,0,0
Aggregate;Individuals,11,0.470588235294118,0.37037037037037,0.37037037037037,0.37037037037037
Aggregate;Name,7,0,0,0,0
Agree_or_refuse_to_act;Proposed_action,2,0,1,1,1
Agree_or_refuse_to_act;Speaker,2,1,1,1,1
Amassing;Duration,1,0,0,0,0
Amassing;Mass_theme,2,1,1,1,1
Amassing;Recipient,2,0.666666666666667,1,1,0.666666666666667
Amounting_to;Attribute,2,0,0.666666666666667,0.666666666666667,0.666666666666667
Amounting_to;Time_span,1,0,0,0,0
Amounting_to;Value,5,0,0.285714285714286,0.285714285714286,0.25
Appearance;Appraisal,1,0,0,0,0
Appearance;Characterization,2,0,0.666666666666667,0.666666666666667,0.666666666666667
Appearance;Inference,8,0.666666666666667,0.545454545454545,0.615384615384615,0.545454545454545
Appearance;Phenomenon,9,0.736842105263158,0.7,0.7,0.7
Architectural_part;Descriptor,1,0,0,0,0
Architectural_part;Orientation,1,0,0,0,0
Architectural_part;Part,8,1,0.875,1,0.875
Architectural_part;Whole,1,0,0,0.666666666666667,0
Arranging;Agent,1,0,1,1,1
Arranging;Theme,1,1,1,1,1
Arrest;Authorities,1,0,0,0,0
Arrest;Suspect,8,0.857142857142857,1,0.875,1
Arriving;Cotheme,1,0,0,0,0
Arriving;Event_description,1,0,0,0,0
Arriving;Goal,32,0.636363636363636,0.647058823529412,0.695652173913043,0.686567164179104
Arriving;Manner,1,0,0,0,0
Arriving;Mode_of_transportation,1,0,0,1,0
Arriving;Place,1,0,0,0,0
Arriving;Purpose,2,0,0,0,0
Arriving;Source,1,0.666666666666667,0.666666666666667,0.666666666666667,0.666666666666667
Arriving;Theme,37,0.605263157894737,0.615384615384615,0.615384615384615,0.666666666666667
Arriving;Time,17,0.266666666666667,0.210526315789474,0.347826086956522,0.210526315789474
Artifact;Artifact,4,0.857142857142857,1,1,1
Artifact;Use,1,0,0,0,0
Assemble;Individuals,1,0,0,0,0
Assemble;Purpose,1,0,0,0,0
Assemble;Time,1,0,0,0,0
Assessing;Assessor,1,0,0,0,0
Assessing;Phenomenon,2,0.666666666666667,1,0.5,0.666666666666667
Assistance;Benefited_party,18,0.666666666666667,0.6875,0.625,0.787878787878788
Assistance;Domain,2,0,0,0.666666666666667,0
Assistance;Focal_entity,2,0,0,0,0
Assistance;Goal,11,0.384615384615385,0.4,0.416666666666667,0.416666666666667
Assistance;Helper,22,0.523809523809524,0.545454545454545,0.577777777777778,0.604651162790698
Assistance;Means,1,0,0,0,0
Assistance;Time,7,0.2,0,0.4,0
Attaching;Agent,1,0,0,0,0
Attaching;Goal,1,0,0,0,0
Attaching;Item,1,0,0,0,0
Attaching;Place,1,0,0,0,0
Attack;Assailant,4,0.75,0.5,0.444444444444444,0.571428571428572
Attack;Depictive,1,0,0,0,0
Attack;Time,2,0,0,0,0
Attack;Victim,4,0.666666666666667,1,1,1
Attempt;Agent,15,0.814814814814815,0.774193548387097,0.8125,0.857142857142857
Attempt;Goal,17,0.705882352941177,0.742857142857143,0.742857142857143,0.742857142857143
Attempt;Manner,1,0,0,0,0
Attempt;Place,1,0,0,0,0
Attempt_suasion;Addressee,5,0.6,0.666666666666667,0.727272727272727,0.666666666666667
Attempt_suasion;Content,7,0.769230769230769,0.769230769230769,0.714285714285714,0.769230769230769
Attempt_suasion;Speaker,6,0.363636363636364,0.461538461538462,0.428571428571429,0.461538461538462
Attending;Agent,1,1,1,1,1
Attending;Event,1,0,0,0,0
Attributed_information;Proposition,7,0,0,0,0
Attributed_information;Speaker,5,0.444444444444444,0.833333333333333,0.833333333333333,0.833333333333333
Attributed_information;Text,2,0,0,0,0
Avoiding;Agent,2,0,0,0,1
Avoiding;Undesirable_situation,2,1,1,1,1
Awareness;Cognizer,50,0.92,0.895238095238095,0.912621359223301,0.895238095238095
Awareness;Content,30,0.541176470588235,0.54054054054054,0.58974358974359,0.56
Awareness;Time,2,0,0,0,0
Becoming_a_member;Group,2,1,0.5,0.5,1
Becoming_a_member;New_member,2,0,0.666666666666667,0.5,0.666666666666667
Becoming_aware;Cognizer,5,0.833333333333333,1,1,1
Becoming_aware;Phenomenon,7,0.571428571428571,0.571428571428571,0.428571428571429,0.714285714285714
Becoming_aware;Time,2,0,0,0,0
Being_active;Agent,1,0,0,0,0
Being_active;Place,1,0,0,0,0
Being_at_risk;Asset,2,0,1,0.8,1
Being_attached;Items,1,0,0,0,0
Being_attached;Manner,1,0,0,0,0
Being_born;Child,1,0,0,0,1
Being_born;Place,1,1,1,1,1
Being_employed;Circumstances,1,0,0,0,0
Being_employed;Duration,1,0,0,0,0
Being_employed;Employee,7,0.769230769230769,0.714285714285714,0.714285714285714,0.714285714285714
Being_employed;Employer,1,0,0,1,0
Being_employed;Field,1,0,0,0,0
Being_employed;Manner,1,0,0,0,0
Being_employed;Particular_iteration,1,0,0,0,0
Being_employed;Place_of_employment,1,0,0,0,0
Being_employed;Task,2,0.666666666666667,0,0,0
Being_employed;Time,1,0,0,0,0
Being_in_category;Item,1,0,0,0,0
Being_in_effect;Binding_principle,2,1,1,1,1
Being_in_effect;Explanation,1,0,0,0,0
Being_in_effect;Time,1,0,0,0,1
Being_located;Cotheme,1,0,0,0,0
Being_located;Location,4,0.5,0.5,0.5,0.5
Being_located;Place,1,0,0,0,0
Being_located;Theme,4,0.25,0.25,0.25,0.75
Being_named;Entity,6,0.461538461538462,0.4,0.428571428571429,0.571428571428572
Being_named;Name,7,0.461538461538462,0.375,0.375,0.4
Being_named;Name_source,1,0,0,0,0
Being_named;Type,1,0,0,0,0
Being_necessary;Dependent,5,0.2,1,1,1
Being_necessary;Required_entity,4,0,0,0,0
Being_necessary;Requirement,3,0.4,0.222222222222222,0.222222222222222,0
Being_obligated;Duty,3,0.571428571428572,0.571428571428572,0.571428571428572,0.333333333333333
Being_obligated;Responsible_party,1,0,0,0,0
Being_obligated;Time,2,0,0,0,0
Beyond_compare;Standard,1,0,1,1,1
Beyond_compare;Variable,1,0,1,1,1
Biological_area;Container_possessor,1,0,0,0,0
Biological_area;Descriptor,1,0,0,0,0
Biological_area;Locale,5,1,1,1,1
Birth;Parents,1,0,0,0,0
Board_vehicle;Traveller,1,0,1,1,1
Board_vehicle;Vehicle,1,0,1,1,1
Body_movement;Agent,2,1,1,1,1
Body_movement;Body_part,2,0,1,1,1
Body_movement;Purpose,1,0,1,1,1
Bringing;Agent,3,0.4,0.222222222222222,0.222222222222222,0.222222222222222
Bringing;Carrier,4,0.857142857142857,0,0,0
Bringing;Constant_location,2,0,0,0,0
Bringing;Goal,2,0.4,0.4,0.4,0.4
Bringing;Path,2,0,0,0,0
Bringing;Period_of_iterations,1,0,0,0,0
Bringing;Purpose,1,0,0,0,0
Bringing;Source,1,0,0,0,0
Bringing;Theme,9,0.631578947368421,0.666666666666667,0.666666666666667,0.631578947368421
Building;Agent,6,0.75,0.705882352941176,0.666666666666667,0.588235294117647
Building;Components,1,0,0,0,0
Building;Created_entity,23,0.595744680851064,0.625,0.625,0.595744680851064
Building;Descriptor,1,0,0,0,0
Building;Place,4,0.5,0.444444444444444,0.666666666666667,0.285714285714286
Building;Purpose,3,0.5,0.5,0.8,0.5
Buildings;Building,83,0.975903614457831,0.982035928143713,0.982035928143713,0.982035928143713
Buildings;Descriptor,12,0.153846153846154,0,0,0
Buildings;Function,11,0.307692307692308,0,0.428571428571429,0
Buildings;Name,13,0.117647058823529,0.125,0.210526315789474,0
Buildings;Place,5,0,0,0,0
Buildings;Relative_location,3,0,0,0,0
Buildings;Time_of_creation,2,0,0,0,0
Buildings;Type,6,0,0,0,0
Bungling;Agent,1,0,0,0,0
Bungling;Degree,1,0,0,0,0
Businesses;Business,7,1,1,1,1
Businesses;Descriptor,2,0,0,0,0
Businesses;Product,1,0,0,0,0
Calendric_unit;Count,4,0.5,0.4,0.4,0.4
Calendric_unit;Name,2,0,0,0,0
Calendric_unit;Relative_time,26,0.558139534883721,0.564102564102564,0.636363636363636,0.564102564102564
Calendric_unit;Unit,82,0.790123456790124,0.883977900552486,0.876404494382023,0.879120879120879
Capability;Circumstances,2,0,0,0,0
Capability;Degree,1,0,0,0,0
Capability;Entity,39,0.909090909090909,0.846153846153846,0.846153846153846,0.883116883116883
Capability;Event,38,0.578947368421053,0.586666666666667,0.578947368421053,0.638888888888889
Capability;Status,1,0,0,0,0
Cardinal_numbers;Entity,73,0.527777777777778,0.558441558441559,0.580645161290323,0.562091503267974
Cardinal_numbers;Multiplier,4,0.4,0.4,0.4,0.4
Cardinal_numbers;Number,85,0.982658959537572,0.982658959537572,0.982658959537572,0.982658959537572
Cardinal_numbers;Precision,1,0,0,0,0
Carry_goods;Distributor,1,0,0,0,0
Carry_goods;Goods,1,0,0,0,0
Catastrophe;Cause,1,0,0,0,0
Catastrophe;Degree,1,0,0,0,0
Catastrophe;Undergoer,3,0.333333333333333,0,0,0
Catastrophe;Undesirable_Event,4,0.666666666666667,0.5,0.333333333333333,0.333333333333333
Categorization;Category,3,0.333333333333333,0.4,0.4,0.4
Categorization;Circumstances,1,0,0,0,0
Categorization;Cognizer,1,0,0,0,0
Categorization;Item,3,0.666666666666667,0.666666666666667,0.666666666666667,0.666666666666667
Causation;Actor,2,0,0,0,0
Causation;Affected,3,0,0,0,0
Causation;Cause,17,0.588235294117647,0.32258064516129,0.266666666666667,0.470588235294118
Causation;Effect,17,0.216216216216216,0.222222222222222,0.216216216216216,0.342857142857143
Causation;Time,2,0,0.666666666666667,0.666666666666667,0.666666666666667
Cause_change;Cause,1,0,0,0,0
Cause_change;Entity,3,0.25,0.5,0.5,0.5
Cause_change;Final_category,4,0.222222222222222,0.571428571428572,0.571428571428572,0.571428571428572
Cause_change;Initial_category,1,0,0,0,0
Cause_change_of_position_on_a_scale;Agent,1,0,0,0,0.5
Cause_change_of_position_on_a_scale;Attribute,4,0,0.666666666666667,0.666666666666667,0.666666666666667
Cause_change_of_position_on_a_scale;Cause,2,0,0,0,0
Cause_change_of_position_on_a_scale;Difference,1,0,0,0,0
Cause_expansion;Agent,1,0.666666666666667,0.666666666666667,0.666666666666667,0.666666666666667
Cause_expansion;Item,2,1,0.8,0.8,0.8
Cause_expansion;Result_size,1,0,0,0,0
Cause_harm;Time,1,0,0,0,0
Cause_harm;Victim,1,1,1,1,1
Cause_motion;Agent,2,0.666666666666667,0.666666666666667,0.666666666666667,0.666666666666667
Cause_motion;Goal,1,1,1,1,1
Cause_motion;Instrument,1,0,0,0,0
Cause_motion;Theme,2,0.5,0.5,0.5,0.5
Cause_to_continue;Process,1,0,1,1,1
Cause_to_end;Agent,1,1,0,0,0
Cause_to_end;Process,1,0,0,0,0
Cause_to_fragment;Agent,1,1,1,0.666666666666667,1
Cause_to_fragment;Time,1,0,1,1,1
Cause_to_fragment;Whole_patient,2,0,0,0.5,0
Cause_to_make_progress;Agent,4,0.666666666666667,0.666666666666667,0.666666666666667,0.666666666666667
Cause_to_make_progress;Project,8,0.941176470588235,0.823529411764706,0.823529411764706,0.823529411764706
Cause_to_make_progress;Purpose,1,0,0,0,0
Cause_to_make_progress;Time,1,0,0,0,0
Cause_to_perceive;Entity,2,1,0.666666666666667,0,0.666666666666667
Cause_to_perceive;Phenomenon,2,0,0,0,0
Cause_to_resume;Agent,1,1,1,1,1
Cause_to_resume;Process,2,0.5,0.5,0.5,0.5
Cause_to_resume;Time,1,0,1,1,1
Ceasing_to_be;Entity,1,0,0,0,0
Certainty;Cognizer,7,0.5,0.714285714285714,0.666666666666667,0.857142857142857
Certainty;Content,6,0.5,0.5,0.5,0.470588235294118
Certainty;Topic,5,0,0,0,0
Change_direction;Direction,1,0,0,0,0
Change_direction;Goal,1,0,0,0,0
Change_event_duration;Agent,1,1,0,0,0
Change_event_duration;Cause,1,0,0,0,0
Change_event_duration;Event,2,0,0,0,0
Change_of_leadership;New_leader,1,0,0,0,0
Change_of_leadership;Old_leader,1,1,0,0,0
Change_of_leadership;Place,1,0,0,0,0
Change_of_leadership;Selector,2,0,0,0,0
Change_position_on_a_scale;Attribute,9,0,0.4,0.8,0.8
Change_position_on_a_scale;Circumstances,1,0,0,0,0
Change_position_on_a_scale;Difference,4,0,0,0,0
Change_position_on_a_scale;Duration,1,0,0,0,0
Change_position_on_a_scale;Final_value,5,0,0.6,0.6,0.666666666666667
Change_position_on_a_scale;Initial_value,2,0,0,0,0
Change_position_on_a_scale;Item,13,0.24,0.181818181818182,0.333333333333333,0.352941176470588
Change_position_on_a_scale;Speed,1,0,0,0,0
Change_position_on_a_scale;Time,3,0,0,0,0
Change_posture;Direction,1,0,1,1,1
Change_posture;Location,1,0,0,1,0
Change_posture;Protagonist,2,0,0,0,0
Change_posture;Time,1,0,0,0,0
Chatting;Interlocutor_1,1,0,0,1,0
Chatting;Interlocutors,1,0,0.666666666666667,1,0.666666666666667
Chatting;Manner,1,0,0,0,0
Chatting;Topic,1,0,1,1,1
Choosing;Chosen,1,0,0,0,0
Choosing;Cognizer,1,1,1,1,1
Choosing;Manner,1,0,0,0,0
Choosing;Possibilities,1,0,0,0,0
Claim_ownership;Claimant,2,0,0.666666666666667,0.666666666666667,0.333333333333333
Claim_ownership;Property,4,0.4,1,1,1
Clothing;Descriptor,2,0,0.5,0.5,0.5
Clothing;Garment,4,0.285714285714286,1,1,1
Clothing_parts;Subpart,2,0,1,1,1
Clothing_parts;Wearer,1,0,1,1,1
Cogitation;Cognizer,5,1,1,1,1
Cogitation;Time,1,0,0,0,0
Cogitation;Topic,7,0.4,0.615384615384615,0.714285714285714,0.714285714285714
Collaboration;Partner_1,3,0.5,0.666666666666667,0.4,0.666666666666667
Collaboration;Partner_2,1,0,0,0,0
Collaboration;Partners,4,0,0.571428571428572,0.571428571428572,0.666666666666667
Collaboration;Undertaking,2,0,0,0,0
Color;Color,4,0.666666666666667,1,1,1
Color;Entity,4,0.75,0.75,0.75,0.5
Coming_to_be;Entity,1,1,1,1,1
Coming_to_believe;Cognizer,1,1,0,0,1
Coming_to_believe;Content,1,0,1,1,1
Coming_to_believe;Time,1,0,0,0,0
Coming_up_with;Cognizer,2,0,1,1,1
Coming_up_with;Idea,3,0,0,0,0
Coming_up_with;Time,1,0,0,0,0
Commerce_buy;Buyer,8,0.8,0.75,0.75,0.933333333333333
Commerce_buy;Goods,8,0.625,0.625,0.625,0.625
Commerce_buy;Seller,4,0.4,0.4,0.4,0.4
Commerce_buy;Time,2,0.666666666666667,0,0,0
Commerce_pay;Buyer,6,0.909090909090909,0.909090909090909,0.909090909090909,0.909090909090909
Commerce_pay;Goods,2,0,1,1,1
Commerce_pay;Seller,4,0,0,0.4,0
Commerce_pay;Time,5,0,0,0,0
Commerce_scenario;Goods,2,0,0.5,0.4,0.4
Commerce_scenario;Money,1,0,0,0,0
Commerce_sell;Buyer,9,0.4,0.875,1,0.875
Commerce_sell;Goods,17,0.5,0.484848484848485,0.606060606060606,0.606060606060606
Commerce_sell;Money,1,0,0,0,0
Commerce_sell;Place,1,0,0,0,0
Commerce_sell;Seller,11,0.869565217391304,0.869565217391304,0.869565217391304,0.909090909090909
Commerce_sell;Time,4,0,0,0,0
Commitment;Message,7,0.857142857142857,0.857142857142857,0.857142857142857,0.923076923076923
Commitment;Speaker,8,1,0.941176470588235,0.941176470588235,0.941176470588235
Committing_crime;Crime,2,0.5,0,0,0
Committing_crime;Perpetrator,1,0,0,0,0
Communicate_categorization;Category,4,0.333333333333333,0.75,0.75,0.75
Communicate_categorization;Circumstances,1,0,0,0,0
Communicate_categorization;Duration,1,0,0,0,0
Communicate_categorization;Item,6,0.333333333333333,0.545454545454545,0.545454545454545,0.666666666666667
Communicate_categorization;Medium,2,0,0,0,0
Communicate_categorization;Speaker,1,0,0,0,0
Communication;Addressee,2,0.666666666666667,0.666666666666667,0.666666666666667,0.666666666666667
Communication;Communicator,2,1,1,1,1
Communication;Medium,1,0,0,0,0
Communication;Message,1,1,1,1,0
Communication_response;Message,1,0,0,0,0
Competition;Competition,1,0,1,1,1
Competition;Participants,1,0,0,0,0
Complaining;Complainer,1,0,1,1,1
Complaining;Complaint,1,0,0,0,0
Complaining;Manner,1,0,0,0,0
Complaining;Time,1,0,0,0,0
Completeness;Whole,2,0.666666666666667,0.5,0.5,0.5
Compliance;Act,2,0,0,0,0
Compliance;Norm,5,0.727272727272727,0.833333333333333,0.833333333333333,0.833333333333333
Compliance;Protagonist,4,0.666666666666667,0.333333333333333,0.571428571428572,0.4
Compliance;State_of_Affairs,1,0,0,0,0
Compliance;Time,2,0,0,0,0
Concessive;Main_statement,1,1,0,0,0
Concessive;Statement,1,0,0,0,0
Conduct;Agent,1,0,0,0,0
Conduct;Manner,1,1,0,0,0
Connecting_architecture;Connected_locations,1,0,0,0,0
Connecting_architecture;Descriptor,3,0.5,0,0,0
Connecting_architecture;Goal,1,0,0,0,0
Connecting_architecture;Part,11,0.8,0.909090909090909,0.782608695652174,0.909090909090909
Connecting_architecture;Source,1,0,0,0,0
Connecting_architecture;Whole,1,0.666666666666667,0.5,0.666666666666667,0.5
Contacting;Addressee,4,0,0,0,0
Contacting;Communication,2,0,0,0,0
Contacting;Communicator,2,0,0.333333333333333,0.333333333333333,0.333333333333333
Containers;Container,1,1,1,1,1
Containers;Owner,1,0,1,1,1
Containing;Container,5,0.5,0.4,0.4,0.6
Containing;Contents,5,0.222222222222222,0.444444444444444,0.444444444444444,0.444444444444444
Containment_relation;Figure,1,0,0,1,0
Containment_relation;Ground,1,0,0,0,1
Continued_state_of_affairs;Reference_occasion,6,1,1,1,1
Continued_state_of_affairs;State_of_affairs,6,0,0,0,0
Contrition;Action,3,0,0,0,0
Contrition;Depictive,1,0,0,0,0
Contrition;Emotional_state,2,0,0,0,0
Contrition;Experiencer,1,0,0.5,0.5,0.5
Contrition;Expressor,1,0,0,0,0
Contrition;Manner,1,0,0,0,0
Convey_importance;Medium,1,0,0,0,0
Convey_importance;Message,1,1,1,1,1
Correctness;Information,1,0,1,1,0
Cotheme;Cotheme,1,1,1,1,1
Cotheme;Theme,1,0,0,0,0
Craft;Activity,3,1,0,0,0
Craft;Culture,2,0,0,0,0
Craft;Descriptor,1,0,0,0,0
Creating;Cause,4,0,0,0,0
Creating;Created_entity,8,0.625,0.625,0.625,0.75
Creating;Creator,2,1,0.8,1,1
Creating;Purpose,1,0,1,0.666666666666667,1
Creating;Purpose_of_created_entity,1,0,0,0,0
Cure;Affliction,1,0,1,1,1
Custom;Behavior,2,0,0,0,0
Custom;Descriptor,1,0,0,0,0
Custom;Domain,1,0,1,1,1
Custom;Protagonist,2,0,0,0,0
Custom;Society,1,0,0,0,0
Damaging;Agent,1,0,0,0,0
Damaging;Cause,1,0,0,0,0
Daring;Action,1,0,1,1,1
Daring;Agent,1,0,1,1,1
Dead_or_alive;Protagonist,1,0,1,1,1
Death;Protagonist,4,0.75,0.666666666666667,0.666666666666667,0.666666666666667
Death;Sub_event,3,0,0,0,0
Deciding;Cognizer,2,0.4,0.5,0.4,1
Deciding;Decision,4,0.666666666666667,0.666666666666667,0.666666666666667,0.666666666666667
Deciding;Time,1,1,1,0,0
Defend;Defender,1,0,0,0,0
Degree;Gradable_attribute,9,0.615384615384615,0.875,1,0.941176470588235
Degree_of_processing;Degree,2,0.666666666666667,0.666666666666667,0.666666666666667,0.666666666666667
Degree_of_processing;Material,3,1,0.8,0.8,0.8
Delivery;Deliverer,2,0,0,0.666666666666667,0
Delivery;Recipient,1,0,0,0,0
Delivery;Theme,3,1,0.5,0.8,0.5
Departing;Source,20,0.333333333333333,0.974358974358974,1,0.974358974358974
Departing;Theme,22,0.818181818181818,0.909090909090909,0.909090909090909,0.909090909090909
Departing;Time,10,0.5,0.571428571428572,0.380952380952381,0.571428571428572
Deserving;Action,1,0,1,1,1
Deserving;State_of_affairs,1,0,0,0,0
Desirability;Affected_party,1,0,0,0,0
Desirability;Degree,1,0,0,0,0
Desirability;Evaluee,21,0.619047619047619,0.619047619047619,0.714285714285714,0.619047619047619
Desirable_event;State_of_affairs,4,0.25,0.25,0.25,0.25
Desiring;Event,23,0.439024390243902,0.512820512820513,0.378378378378378,0.526315789473684
Desiring;Experiencer,21,0.909090909090909,0.909090909090909,0.883720930232558,0.909090909090909
Desiring;Focal_participant,5,0,0.8,0.666666666666667,0.8
Desiring;Place,1,0,0,0,0
Desiring;Purpose_of_Event,1,0,0,0,0
Desiring;Time,1,0,0,0,0
Desiring;Time_of_Event,1,0,0,0,0
Destiny;State_of_affairs,1,0,0,0,0
Destroying;Cause,2,0,0,0,0
Destroying;Containing_event,1,0,0,0,0
Destroying;Destroyer,1,0,0,0.666666666666667,0
Destroying;Undergoer,4,0.75,0.75,0.666666666666667,0.75
Difficulty;Activity,4,0.25,0.25,0.25,0.25
Difficulty;Degree,2,1,1,1,1
Difficulty;Experiencer,1,0,0,0,0
Dimension;Dimension,19,0.871794871794872,0.95,0.95,0.95
Dimension;Domain,1,0,0,0,0
Dimension;Location,1,0,0,0,0
Dimension;Measurement,3,0,0,0,0
Dimension;Object,19,0.256410256410256,0.342857142857143,0.333333333333333,0.342857142857143
Direction;Base_position,3,0,0,0,0
Direction;Path,4,0.75,0.75,0.75,0.75
Discussion;Interlocutor_1,1,0,1,0,0
Discussion;Interlocutor_2,1,0,0,0,0
Discussion;Interlocutors,14,0.235294117647059,0.782608695652174,0.75,0.782608695652174
Discussion;Place,1,0,0,0,0
Discussion;Purpose,2,0,0,0,0
Discussion;Time,3,0,0.5,0.5,0
Discussion;Topic,2,0.153846153846154,0.5,0.4,0.5
Disembarking;Place,7,0,0,0,0
Disembarking;Traveller,7,0,0,0,0
Disembarking;Vehicle,7,0,0,0,0
Dispersal;Goal_area,1,0,0,0,0
Dispersal;Individuals,1,1,1,1,1
Documents;Bearer,1,1,0,0,0
Documents;Document,5,0.888888888888889,0.888888888888889,1,0.888888888888889
Documents;Issuer,1,0,0,0,0
Documents;Obligation,1,0,0,0,0
Dominate_situation;Agent,1,0,1,1,1
Dominate_situation;Situation,1,0,1,1,1
Duplication;Copy,1,0,1,1,1
Duplication;Original,1,1,1,1,1
Duration_attribute;Eventuality,3,0,0.4,0.4,0.4
Earnings_and_losses;Earner,9,0,0,0.2,0
Earnings_and_losses;Earnings,16,0.193548387096774,0.16,0.153846153846154,0.16
Earnings_and_losses;Goods,1,0,0,0,0
Earnings_and_losses;Time,5,0,0,0,0
Economy;Economy,22,0.893617021276596,0.869565217391304,0.869565217391304,0.869565217391304
Economy;Political_region,3,0.444444444444444,0,0,0
Education_teaching;Fact,1,0,0,0,0
Education_teaching;Place,1,1,0,0,0
Education_teaching;Role,1,0,0,0,0
Education_teaching;Student,4,0.75,0.857142857142857,0.75,0.857142857142857
Education_teaching;Subject,1,0,0,0,0
Education_teaching;Teacher,2,0,0,0,0
Electricity;Electricity,14,0.928571428571429,0.96551724137931,0.96551724137931,0.96551724137931
Electricity;Source,8,0.705882352941177,0.625,0.705882352941177,0.625
Emotion_directed;Circumstances,1,0,1,1,1
Emotion_directed;Empathy_target,1,0,0,0,0
Emotion_directed;Event,1,0,0,0,0
Emotion_directed;Experiencer,6,0.363636363636364,0.461538461538462,0.461538461538462,0.5
Emotion_directed;State,1,0,0,0,0
Emotion_directed;Stimulus,1,0.666666666666667,0.666666666666667,0.666666666666667,0.666666666666667
Emotion_directed;Topic,1,0,0,0,0
Employing;Employee,1,1,1,0,1
Encoding;Manner,1,1,1,1,1
Encoding;Message,1,0,0,0,0
Estimated_value;Cognizer,1,0,0,0,0
Estimated_value;Estimation,1,0,0,0,0
Estimated_value;Question,2,0,0,0,0
Estimating;Estimation,2,0,0,0,0
Evaluative_comparison;Profiled_item,2,0,0.666666666666667,0.666666666666667,0.666666666666667
Evaluative_comparison;Standard_attribute,1,0,0,0,0
Evaluative_comparison;Standard_item,1,0,0,0,0
Event;Event,13,0.769230769230769,0.769230769230769,0.769230769230769,0.846153846153846
Event;Reason,1,0,0,0,0
Event;Time,8,0.2,0,0,0
Evidence;Means,1,0,0,0,0
Evidence;Proposition,12,0.818181818181818,0.8,0.8,0.75
Evidence;Support,9,0.421052631578947,0.352941176470588,0.352941176470588,0.333333333333333
Execution;Executed,1,0,1,1,1
Execution;Reason,1,0,0,1,0
Exertive_force;Entity,3,0.5,0.8,1,1
Existence;Circumstances,2,0,0,0,0
Existence;Concessive,1,0,0,0,0
Existence;Depictive,1,0,0,0,0
Existence;Duration,1,0,0,0,0
Existence;Entity,49,0.551020408163265,0.536082474226804,0.551020408163265,0.577319587628866
Existence;Place,6,0,0,0,0
Existence;Time,5,0.285714285714286,0,0,0
Expansion;Item,3,0.8,1,1,1
Expansion;Manner,1,0,0,0,0
Expectation;Phenomenon,1,0,0,0,0
Expected_location_of_person;Duration,1,0,0,0,0
Expected_location_of_person;Location,1,0,0,0,0
Expensiveness;Asset,3,0,0,0,0
Expensiveness;Goods,3,0.285714285714286,0.4,0.4,0.333333333333333
Expensiveness;Intended_event,2,0,0,0,0
Expensiveness;Payer,1,0,0,0,0
Experiencer_focus;Content,6,0.285714285714286,0.666666666666667,0.666666666666667,0.833333333333333
Experiencer_focus;Degree,1,0,1,1,1
Experiencer_focus;Experiencer,4,0.888888888888889,0.8,0.8,0.8
Experiencer_focus;Reason,1,0,0,0,0
Experiencer_obj;Experiencer,1,1,0,0,0
Experiencer_obj;Stimulus,2,0.5,0.5,0.5,0.5
Expertise;Knowledge,2,1,0,0,0
Exporting;Exporter,1,1,0,0,1
Exporting;Goods,1,0,0,0,0
Exporting;Importing_area,1,0,0,0,0
Fairness_evaluation;Action,1,0,1,1,1
Fairness_evaluation;Actor,1,0,0,0,0
Fame;Degree,1,0,0,0,0
Fame;Entity,3,0.333333333333333,0.666666666666667,0.666666666666667,0.666666666666667
Familiarity;Cognizer,1,0.666666666666667,0.666666666666667,0.666666666666667,0.666666666666667
Familiarity;Entity,3,0.333333333333333,0.857142857142857,1,0.857142857142857
Fastener;Fastener,1,0,1,1,1
Filling;Agent,2,1,1,1,1
Filling;Goal,4,0.571428571428572,0.75,1,1
Filling;Theme,3,0.857142857142857,1,1,1
Filling;Time,1,0,0,0,0
Finish_competition;Competition,1,1,1,1,1
Finish_competition;Competitor,1,1,1,1,1
First_experience;Experience,2,0,0,0,0
First_rank;Item,2,0.666666666666667,0.5,0.5,0.5
Fluidic_motion;Fluid,1,1,0,0,0
Food;Food,9,0.947368421052632,0.333333333333333,0.571428571428571,0.333333333333333
Food;Type,2,0,0,0.666666666666667,0
Foreign_or_domestic_country;Current_country,2,1,1,1,1
Frequency;Attribute,1,0,0,0,0
Frequency;Degree,2,0,0,0,0
Frequency;Event,16,0.125,0.181818181818182,0.171428571428571,0.181818181818182
Frequency;Interval,8,0.545454545454545,0,0,0
Frequency;Rate,1,0,0,0,0
Getting;Place,2,0,0,0,0
Getting;Purpose,1,0,1,1,0
Getting;Reason,1,0,0,1,0
Getting;Recipient,15,0.758620689655172,0.838709677419355,0.838709677419355,0.827586206896552
Getting;Theme,16,0.75,0.8125,0.8125,0.875
Getting;Time,3,0,0,0,0
Giving;Donor,9,0.4,0.4,0.533333333333333,0.571428571428571
Giving;Recipient,9,0.615384615384615,0.625,0.8,0.875
Giving;Theme,7,0.266666666666667,0.333333333333333,0.2,0.315789473684211
Gizmo;Gizmo,3,0.285714285714286,0.4,0.363636363636364,0.363636363636364
Gizmo;Use,4,0.571428571428572,0.666666666666667,0.571428571428572,0.666666666666667
Gizmo;User,1,0,0,0,0
Goal;Landmark,21,0.837209302325581,0.80952380952381,0.837209302325581,0.744186046511628
Goal;Time,1,0,0,0,0
Goal;Trajector,20,0.342857142857143,0.342857142857143,0.342857142857143,0.342857142857143
Going_back_on_a_commitment;Commitment,1,0,0,0,0
Going_back_on_a_commitment;Explanation,1,0,0,0,0
Going_back_on_a_commitment;Protagonist,1,1,1,1,1
Going_back_on_a_commitment;Time,1,0,0,0,0
Grant_permission;Action,10,0.117647058823529,0.421052631578947,0.526315789473684,0.5
Grant_permission;Grantee,8,0.714285714285714,0.533333333333333,0.533333333333333,0.8
Grant_permission;Grantor,8,0.533333333333333,0.571428571428572,0.625,0.769230769230769
Grant_permission;Time,2,0.5,0.666666666666667,0,0.666666666666667
Grasp;Cognizer,4,1,1,1,1
Grasp;Phenomenon,4,0.75,1,1,1
Guilt_or_innocence;Accused,1,0,0,0,0
Halt;Depictive,11,0,0,0,0
Halt;Explanation,1,0,0,0,0
Halt;Period_of_iterations,1,0,0,0,0
Halt;Place,4,0.533333333333333,0.533333333333333,0.5,0.533333333333333
Halt;Theme,12,1,1,1,1
Halt;Time,7,0.777777777777778,0,0,0
Have_as_requirement;Dependent,1,1,1,1,1
Have_as_requirement;Requirement,1,0,1,1,1
Have_associated;Entity,3,1,1,1,1
Have_associated;Topical_entity,3,1,1,1,1
Having_or_lacking_access;Theme,1,0,0,0,0
Having_or_lacking_access;Useful_location,1,1,1,1,1
Hear;Hearer,3,1,1,1,1
Hear;Message,1,0,0,0.666666666666667,0
Hear;Period_of_iterations,1,0,0,0,0
Hear;Speaker,3,0,0,0,0
Hear;Time,1,0,0,0,0
Hear;Topic,1,0,0,0,0
Hindering;Action,1,0,1,1,1
Historic_event;Entity,1,0,0,0,0
History;Topic,3,0,0,0,0
Holding_off_on;Agent,2,0,0.8,0.8,0.8
Holding_off_on;End_point,3,0,0,0,0
Hostile_encounter;Duration,1,0,0,0,0
Hostile_encounter;Issue,3,0,0,0,0
Hostile_encounter;Means,1,0,0,0,0
Hostile_encounter;Place,8,0,0,0,0
Hostile_encounter;Side_1,8,0.4,0.933333333333333,0.933333333333333,0.2
Hostile_encounter;Side_2,9,0,0.588235294117647,0.588235294117647,0.588235294117647
Hostile_encounter;Sides,2,0,0.666666666666667,0.666666666666667,0.666666666666667
Hostile_encounter;Time,1,0,0,1,0
Identicality;Current_instance,3,0,0,0,0
Identicality;Previous_instance,1,0,0,0,0
Identicality;Set_of_instances,1,0,0,0,0
Identicality;Type,2,0.666666666666667,0.666666666666667,0.666666666666667,0.666666666666667
Idiosyncrasy;Entity,1,0,0,0,0
Immobilization;Patient,1,0,0,1,1
Immobilization;Place,1,0,0,0,0
Importance;Degree,3,1,1,1,1
Importance;Factor,25,0.705882352941177,0.692307692307692,0.692307692307692,0.705882352941177
Importance;Field,1,0,0,0,0
Importance;Reason,1,0,1,1,1
Importance;Time,2,0,0,0,0
Importance;Undertaking,3,0,0,0,0
Inclusion;Part,22,0.790697674418605,0.790697674418605,0.837209302325581,0.863636363636364
Inclusion;Total,22,0.318181818181818,0.27906976744186,0.27906976744186,0.418604651162791
Increment;Added_set,7,0.444444444444444,0.444444444444444,0.444444444444444,0.444444444444444
Increment;Class,30,0.566666666666667,0.576271186440678,0.533333333333333,0.576271186440678
Increment;Increment,1,0,0,0,0
Indigenous_origin;Entity,1,0,0,0,0
Indigenous_origin;Origin,1,0,0,0,0
Information;Cognizer,4,0,0,0,0
Information;Information,4,0.666666666666667,0.666666666666667,0.666666666666667,0.666666666666667
Information;Source,1,0,0,0,0
Information;Topic,2,0,0,0,0
Infrastructure;Infrastructure,1,0,1,1,1
Infrastructure;Resource,1,0,0,0,0
Ingestion;Ingestibles,1,0,0,0,0
Ingestion;Ingestor,1,0,0,0,0
Ingredients;Material,4,1,1,1,1
Ingredients;Product,1,1,0,1,1
Ingredients;Type,1,1,0,0,0
Ingredients;Use,1,0,0,0,0
Inhibit_movement;Theme,1,1,1,1,1
Inspecting;Ground,2,0.666666666666667,1,1,0.666666666666667
Inspecting;Inspector,4,0.333333333333333,0.571428571428572,0.571428571428572,0.571428571428572
Inspecting;Time,1,0,0,0,0
Installing;Agent,1,0,0,0,0
Installing;Component,1,0,0,0,0
Installing;Purpose,1,0,0,0,0
Instance;Instance,2,0.666666666666667,1,1,1
Institutions;Institution,1,0,1,1,1
Intentionally_act;Act,22,0.465116279069767,0.521739130434783,0.478260869565217,0.5
Intentionally_act;Agent,20,0.777777777777778,0.666666666666667,0.736842105263158,0.722222222222222
Intentionally_act;Manner,1,0,0,0,0
Intentionally_act;Particular_iteration,1,0,0,0,0
Intentionally_act;Place,1,0,0,0,0
Intentionally_act;Purpose,5,0.333333333333333,0.333333333333333,0.333333333333333,0.333333333333333
Intentionally_act;Time,3,0,0,0,0
Intentionally_affect;Agent,1,1,1,1,1
Intentionally_affect;Event,1,0,0,0,0
Intentionally_affect;Patient,1,0,1,1,1
Intentionally_affect;Time,1,0,0,0,0
Intentionally_create;Created_entity,13,0.5,0.583333333333333,0.5,0.56
Intentionally_create;Creator,6,0.714285714285714,0.833333333333333,0.833333333333333,0.8
Intentionally_create;Place,4,0,0,0.333333333333333,0
Intentionally_create;Purpose,2,0.666666666666667,0,0,0
Intentionally_create;Time,4,0.333333333333333,0.4,0.571428571428572,0
Intercepting;Interceptor,2,0,1,1,1
Intercepting;Theme,2,0.5,0.5,0.5,0
Intercepting;Time,2,1,1,1,1
Invading;Invader,2,0,0,0,0
Invading;Land,2,1,1,1,1
Judgment;Cognizer,1,1,1,1,1
Judgment_communication;Communicator,5,0.5,0.545454545454545,0.545454545454545,0.545454545454545
Judgment_communication;Evaluee,9,0.588235294117647,0.777777777777778,0.777777777777778,1
Judgment_communication;Reason,3,0.4,0,0,0
Judgment_communication;Topic,3,0,0,0,0
Judgment_direct_address;Addressee,3,0,0,0.285714285714286,0
Judgment_direct_address;Degree,2,0,0,0,0
Judgment_direct_address;Reason,1,0,0,0,0
Judicial_body;Judicial_body,7,0.923076923076923,0.923076923076923,1,1
Judicial_body;Task,1,0,0,0,0
Justifying;Act,1,0,1,1,1
Kidnapping;Perpetrator,2,0,0,0,0
Kidnapping;Time,1,0,0,0,0
Kidnapping;Victim,4,0.333333333333333,0.5,0.5,0.75
Killing;Cause,1,0,0,0,0
Killing;Degree,1,0,0,0,0
Killing;Depictive,1,0,0,0,0
Killing;Killer,12,0,0.235294117647059,0.235294117647059,0.266666666666667
Killing;Place,7,0,0,0,0
Killing;Reason,1,0,0,0,0
Killing;Time,10,0,0,0.181818181818182,0
Killing;Victim,20,0.578947368421053,0.651162790697674,0.681818181818182,0.577777777777778
Kinship;Alter,39,0.716417910447761,0.826666666666667,0.831168831168831,0.826666666666667
Kinship;Descriptor,5,0,0,0,0
Kinship;Ego,13,0.363636363636364,0.6,0.545454545454546,0.580645161290323
Kinship;Relatives,2,0.363636363636364,0.333333333333333,0.333333333333333,0.333333333333333
Law;Creator,3,0,0,0.5,0
Law;Law,6,1,1,1,1
Law;Required,1,0,0,0,0
Law;Type,2,0,0,0,0
Leadership;Activity,2,0,0,0,0
Leadership;Descriptor,3,0,0,0,0
Leadership;Domain,1,0,0,0,0
Leadership;Governed,31,0.472727272727273,0.448275862068966,0.433333333333333,0.448275862068966
Leadership;Leader,67,0.611940298507463,0.551181102362205,0.551181102362205,0.5625
Leadership;Role,2,0,0,0,0
Leadership;Type,1,0,0,0,0
Likelihood;Hypothetical_event,28,0,0.140350877192982,0.140350877192982,0.140350877192982
Lively_place;Individuals,1,0,0,0,0
Lively_place;Location,3,0,0,0,0
Locale_by_event;Defining_event,1,0,1,1,1
Locale_by_event;Locale,1,1,1,1,1
Locale_by_ownership;Descriptor,1,0,0,0,0
Locale_by_ownership;Locale,1,1,1,1,1
Locale_by_use;Circumstances,1,0,0,0,0
Locale_by_use;Constituent_parts,4,0,0,0,0
Locale_by_use;Container_possessor,7,0,0,0,0
Locale_by_use;Descriptor,20,0.24,0.0952380952380952,0.0869565217391304,0.0952380952380952
Locale_by_use;Formational_cause,1,1,0,0,0
Locale_by_use;Locale,130,0.977272727272727,0.96969696969697,0.96969696969697,0.96969696969697
Locale_by_use;Name,13,0.470588235294118,0.375,0.444444444444444,0.266666666666667
Locale_by_use;Relative_location,1,0,0,0,0
Locale_by_use;Use,54,0.240963855421687,0.279569892473118,0.351648351648352,0.304347826086957
Locating;Ground,3,0,0,0,0
Locating;Location,2,0,0,0,0
Locating;Perceiver,10,0.75,0.947368421052632,0.947368421052632,0.888888888888889
Locating;Sought_entity,10,0.526315789473684,0.444444444444444,0.555555555555556,0.555555555555556
Locative_relation;Direction,3,0,0,0,0
Locative_relation;Distance,2,0,0,0,0
Locative_relation;Figure,142,0.421818181818182,0.416961130742049,0.47887323943662,0.421052631578947
Locative_relation;Figures,8,0,0,0,0
Locative_relation;Ground,157,0.803858520900322,0.832258064516129,0.817891373801917,0.774193548387097
Locative_relation;Time,23,0,0,0,0
Luck;State_of_affairs,1,0,0,0,0
Make_agreement_on_action;Obligation,5,0.75,0.75,0.75,0.75
Make_agreement_on_action;Parties,2,0,0,0,0
Make_agreement_on_action;Party_1,3,0.4,0.333333333333333,0.333333333333333,0.333333333333333
Make_agreement_on_action;Party_2,1,1,1,1,1
Make_agreement_on_action;Topic,1,0,0,0,0
Make_noise;Addressee,1,0,0,0,0
Make_noise;Sound,1,0,0.5,0.5,0.5
Make_noise;Sound_source,2,0,0.4,0.4,0.4
Manipulate_into_doing;Manipulator,2,0,0,0,0
Manipulate_into_doing;Manner,2,0,0,0,0
Manipulate_into_doing;Resulting_action,2,0,1,1,1
Manipulate_into_doing;Victim,2,0.666666666666667,0.666666666666667,0.666666666666667,0.666666666666667
Manufacturing;Factory,1,0,0,0,0
Manufacturing;Manufacturer,14,0.5,0.526315789473684,0.5,0.526315789473684
Manufacturing;Place,1,0,0,0,0
Manufacturing;Product,21,0.615384615384615,0.65,0.714285714285714,0.75
Manufacturing;Time,2,1,0,0,0
Means;Means,4,0.5,0.25,0.25,0.25
Means;Purpose,3,0,0.4,0.4,0.333333333333333
Measure_area;Area,2,0,0.5,0,0.5
Measure_area;Count,4,1,0.75,0.75,0.75
Measure_area;Unit,4,1,1,1,1
Measure_duration;Count,31,0.666666666666667,0.617647058823529,0.704225352112676,0.626865671641791
Measure_duration;Process,10,0.588235294117647,0.842105263157895,0.9,0.181818181818182
Measure_duration;Unit,43,0.966292134831461,0.966292134831461,0.966292134831461,0.966292134831461
Measure_linear_extent;Count,3,0.285714285714286,0.285714285714286,0.285714285714286,0.285714285714286
Measure_linear_extent;Dimension,2,0,0,0,0
Measure_linear_extent;Unit,5,1,1,1,1
Measure_mass;Count,4,0.75,0.285714285714286,0.5,0.285714285714286
Measure_mass;Stuff,2,0,0,0,0
Measure_mass;Unit,4,1,1,1,1
Medical_conditions;Ailment,3,0.8,1,1,1
Medical_conditions;Degree,1,0,0,0,0
Medical_conditions;Name,1,0,0,0,0
Medical_conditions;Symptom,1,0,0,0,0
Medical_specialties;Specialty,2,0.8,0.8,0.8,0.8
Membership;Group,6,0.833333333333333,0.833333333333333,0.833333333333333,0.833333333333333
Membership;Member,6,0.285714285714286,0.153846153846154,0.142857142857143,0.307692307692308
Mental_property;Protagonist,4,0,0.666666666666667,0.666666666666667,0
Mental_stimulus_stimulus_focus;Degree,1,0.666666666666667,0.666666666666667,0.666666666666667,0.666666666666667
Mental_stimulus_stimulus_focus;Reason,1,0,0,0,0
Mental_stimulus_stimulus_focus;Stimulus,5,0,0.181818181818182,0.181818181818182,0.181818181818182
Military;Domain,1,0,0,0,0
Military;Force,8,0.941176470588235,0.875,0.941176470588235,0.823529411764706
Military;Goal,1,0,0,0,0
Military;Possessor,2,0.8,0.5,0.4,0.666666666666667
Money;Money,11,1,1,1,1
Morality_evaluation;Evaluee,2,0.5,0,0,0
Motion;Direction,1,0,0,0,0
Motion_directional;Goal,3,0,0,0,0
Motion_directional;Theme,3,0,1,1,1
Motion_directional;Time,3,0,0,1,0
Moving_in_place;Fixed_location,1,0,0,0,0
Moving_in_place;Place,1,0,0,0,0
Moving_in_place;Theme,1,1,0.5,0.5,0.5
Natural_features;Container_possessor,1,0,0,0,0
Natural_features;Descriptor,1,0,0,0,0
Natural_features;Locale,27,1,1,1,1
Natural_features;Name,10,0.533333333333333,0.5,0.555555555555556,0.5
Natural_features;Relative_location,3,0,0,0.4,0
Needing;Cognizer,6,1,1,1,1
Needing;Dependent,3,0.5,0.8,0.8,0.8
Needing;Frequency,2,0,0,0,0
Needing;Requirement,6,0.615384615384615,0.8,0.8,0.666666666666667
Needing;Time,1,0,0,0,0
Network;Descriptor,2,0,0,0,0
Network;Network,2,1,1,1,1
Network;Possessor,1,0,0,0,0
Noise_makers;Noise_maker,1,1,1,1,1
Notification_of_charges;Charges,1,1,0,0,1
Objective_influence;Dependent_entity,1,0,0,0,0
Objective_influence;Dependent_variable,1,0,0,0,0
Objective_influence;Influencing_entity,2,0,0,0,0
Objective_influence;Influencing_situation,1,1,0,1,0
Objective_influence;Manner,1,0,0,0,0
Observable_body_parts;Body_part,8,0.857142857142857,1,1,1
Observable_body_parts;Possessor,4,0.5,0.4,0.5,0.363636363636364
Obviousness;Degree,2,0,0.666666666666667,0.666666666666667,0.666666666666667
Obviousness;Evidence,1,0,0,0,0
Obviousness;Phenomenon,6,0.833333333333333,0.833333333333333,0.833333333333333,0.833333333333333
Obviousness;Time,2,0,0,0,0
Offering;Offerer,3,0,0,0,0
Offering;Theme,3,0.666666666666667,0.333333333333333,0.333333333333333,0.333333333333333
Openness;Barrier,4,0,0,0,0
Openness;Theme,1,0,0,0,0
Openness;Useful_location,1,0,0,0,0
Operate_vehicle;Driver,1,0,0,0.5,0.5
Operate_vehicle;Goal,1,0,0.666666666666667,0.666666666666667,0
Operate_vehicle;Vehicle,1,0,0.5,0.5,0.5
Operating_a_system;Manner,1,0,0,0,0
Operating_a_system;Operator,1,0.666666666666667,1,1,1
Operating_a_system;System,2,1,0.666666666666667,0.5,0.5
Operational_testing;Product,4,0.333333333333333,0.333333333333333,0.333333333333333,0.333333333333333
Operational_testing;Tester,2,1,1,0.666666666666667,0.666666666666667
Operational_testing;Time,2,0.5,1,1,1
Opinion;Cognizer,10,0.777777777777778,0.7,0.7,0.7
Opinion;Opinion,12,0.315789473684211,0.571428571428572,0.571428571428572,0.571428571428572
Ordinal_numbers;Basis_of_order,2,0,0,0,0
Ordinal_numbers;Item,6,0,0,0,0
Ordinal_numbers;Type,8,0.363636363636364,0.307692307692308,0.285714285714286,0.307692307692308
Organization;Members,1,0,0,0,0
Organization;Name,2,0,0,0,0
Organization;Organization,7,0.923076923076923,1,1,1
Organization;Purpose,1,0,0,0,0
Origin;Entity,35,0.714285714285714,0.628571428571429,0.628571428571429,0.657142857142857
Origin;Origin,35,0.942857142857143,0.685714285714286,0.657142857142857,0.657142857142857
Participation;Event,3,0.857142857142857,0.857142857142857,0.857142857142857,0.857142857142857
Participation;Manner,2,0,0,0,0
Participation;Participant_1,3,0,0.5,0.5,0.5
Partitive;Group,8,0.588235294117647,0.705882352941177,0.588235294117647,0.705882352941177
Partitive;Subset,8,0.777777777777778,0.625,0.823529411764706,0.75
Path_shape;Degree,1,0,0,0,0
Path_shape;Direction,1,0,0,0,0
Path_shape;Path,1,0,1,1,1
Path_shape;Road,3,0,0.666666666666667,0.666666666666667,0.666666666666667
Path_traveled;Theme,1,1,0,0,0
People;Age,1,0,1,1,1
People_by_age;Age,3,0,0,0,0
People_by_age;Descriptor,7,0,0.25,0.444444444444444,0
People_by_age;Person,21,0.851063829787234,0.723404255319149,0.808510638297872,0.723404255319149
People_by_jurisdiction;Jurisdiction,3,0,0,0,0
People_by_jurisdiction;Person,3,0,1,1,1
People_by_morality;Descriptor,1,0,0,0,0
People_by_morality;Person,1,1,1,1,1
People_by_origin;Origin,1,0,0,0,0
People_by_origin;Person,1,0.666666666666667,0.666666666666667,0.666666666666667,0.666666666666667
People_by_religion;Person,4,1,1,0.75,1
People_by_residence;Indicated_resident,1,0,0,0,0
People_by_residence;Residents,2,0,0,0,0
People_by_vocation;Descriptor,1,0,0,0,0
People_by_vocation;Ethnicity,3,0,0,0,0
People_by_vocation;Origin,1,0,0,0,0
People_by_vocation;Person,10,0.952380952380952,0.571428571428571,0.857142857142857,0.571428571428571
Perception_active;Direction,1,0,1,1,1
Perception_active;Perceiver_agentive,3,1,0.75,0.5,0.75
Perception_active;Phenomenon,4,0,0.25,0.25,0
Perception_experience;Perceiver_passive,13,0.692307692307692,0.785714285714286,0.857142857142857,0.962962962962963
Perception_experience;Phenomenon,14,0.266666666666667,0.296296296296296,0.275862068965517,0.275862068965517
Perception_experience;State,1,0.4,0.333333333333333,0,0.4
Perception_experience;Time,2,0,0,0,0
Performers_and_roles;Performance,1,0,0,0,0
Performers_and_roles;Performer,1,0,0,0,0
Performers_and_roles;Role,2,0,0,0,0
Permitting;Principle,1,0,0,0,0
Personal_relationship;Partner_1,7,0.571428571428571,0.615384615384615,0.615384615384615,0.615384615384615
Personal_relationship;Partner_2,4,0,0.444444444444444,0.444444444444444,0.4
Physical_artworks;Artifact,8,0,1,1,1
Physical_artworks;Creator,1,0,0,0,0
Physical_artworks;Represented,4,0,0.4,0.4,0.4
Place_weight_on;Agent,2,0.666666666666667,0.666666666666667,0.666666666666667,0.666666666666667
Place_weight_on;Consideration,2,0.666666666666667,0,1,0
Placing;Agent,3,1,0.666666666666667,1,0.666666666666667
Placing;Cause,1,0,0,0,0
Placing;Goal,4,0.666666666666667,0.571428571428572,0.857142857142857,0.666666666666667
Placing;Theme,4,0.5,0.75,0.75,1
Point_of_dispute;Question,2,0,0.8,0.666666666666667,0.8
Political_locales;Constituent_parts,1,0,0,0,0
Political_locales;Container_possessor,1,0,0,0,0
Political_locales;Descriptor,4,0.285714285714286,0.285714285714286,0.666666666666667,0.285714285714286
Political_locales;Locale,35,0.971428571428571,0.971428571428571,0.971428571428571,0.971428571428571
Political_locales;Name,3,0.5,0.5,0.8,0.5
Political_locales;Population,1,1,0,0,0
Political_locales;Relative_location,2,0,0,0,0
Position_on_a_scale;Degree,1,0,0,0,0
Position_on_a_scale;Item,2,0.571428571428572,0.333333333333333,0.666666666666667,0.4
Position_on_a_scale;Value,3,0.75,0.75,0.75,0.75
Position_on_a_scale;Variable,2,0,0,0,0
Possession;Owner,63,0.790322580645161,0.838709677419355,0.848,0.796747967479675
Possession;Possession,64,0.609375,0.634920634920635,0.62992125984252,0.603174603174603
Possession;Time,1,0,0,0,0
Possibility;Possible_event,1,0,0,0,0
Posture;Agent,9,0.363636363636364,0.222222222222222,0.222222222222222,0.222222222222222
Posture;Depictive,1,0,0,0,0
Posture;Location,9,0,0.941176470588235,0.941176470588235,0.941176470588235
Predicament;Domain,3,0,0,0,0
Predicament;Experiencer,2,0,0.4,0.4,0.4
Predicament;Place,1,0,0,0,0
Predicament;Situation,5,0.769230769230769,0.666666666666667,0.769230769230769,0.769230769230769
Predicting;Eventuality,3,0,0.857142857142857,0.857142857142857,0.285714285714286
Predicting;Speaker,4,0.857142857142857,1,1,1
Predicting;Time,2,0,0,0,0
Predicting;Time_of_Eventuality,2,0,0,0,0
Prevarication;Addressee,2,0,0.666666666666667,0.666666666666667,0.666666666666667
Prevarication;Speaker,3,0.5,0.75,0.75,0.571428571428572
Prevarication;Topic,1,0,1,1,0
Preventing;Event,3,0.333333333333333,0.666666666666667,0.666666666666667,0.666666666666667
Preventing;Preventing_cause,2,0.5,0.666666666666667,0.666666666666667,0.666666666666667
Prison;Penal_institution,3,0.8,1,1,1
Process_completed_state;Process,1,0,0,0,0
Process_continue;Duration,1,0,1,1,1
Process_continue;Event,6,0.333333333333333,0.5,0.5,0.333333333333333
Process_continue;Time,1,0,0,0,0
Process_end;Frequency,1,0,0,0,0
Process_end;Last_subevent,1,0,0,0,0
Process_end;Process,5,0.444444444444444,0.8,0.8,1
Process_end;Time,1,0,0,0,0
Processing_materials;Agent,2,0.666666666666667,0,0,0
Processing_materials;Material,8,0.666666666666667,0.533333333333333,0.666666666666667,0.533333333333333
Progress;Domain,1,0,0,0,0
Progress;Entity,3,1,0.666666666666667,0.571428571428572,0.4
Project;Activity,3,0,0,0,0
Project;Agent,9,0.714285714285714,0.714285714285714,0.714285714285714,0.714285714285714
Project;Descriptor,1,0,0,0,0
Project;Field,2,0,0,0,0
Project;Goal,6,0.285714285714286,0,0,0
Project;Project,15,0.111111111111111,0.111111111111111,0.111111111111111,0.117647058823529
Project;Salient_entity,15,0.518518518518519,0.461538461538462,0.518518518518519,0.461538461538462
Proliferating_in_number;Set,1,0,0,0,0
Prominence;Entity,1,1,1,1,1
Proper_reference;Entity,1,0,0,0,0
Protecting;Asset,1,1,1,1,1
Protecting;Protection,1,0,0,0,0
Punctual_perception;Phenomenon,2,0,0.5,0.5,0.5
Purpose;Agent,11,0.782608695652174,0.818181818181818,0.818181818181818,0.818181818181818
Purpose;Domain,1,0,0,0,0
Purpose;Goal,14,0.642857142857143,0.64,0.740740740740741,0.64
Purpose;Means,1,0,0,0,0
Purpose;Value,1,0,0,0,0
Quantity;Individuals,42,0.585365853658537,0.581395348837209,0.568181818181818,0.558139534883721
Quantity;Mass,13,0,0.133333333333333,0.133333333333333,0.142857142857143
Quantity;Q_Prop,3,0.5,0.5,0.5,0.5
Quantity;Quantity,55,0.87719298245614,0.852173913043478,0.852173913043478,0.852173913043478
Quarreling;Issue,1,0,0,0,0
Questioning;Addressee,1,0,0,0,0
Questioning;Time,1,0,0,0,0
Questioning;Topic,1,0,1,0,1
Range;Distance,2,0.666666666666667,0.666666666666667,0.666666666666667,0.666666666666667
Range;Instrument,1,0,0,0,0
Ranked_expectation;Entity,6,0.666666666666667,0.666666666666667,0.666666666666667,0.666666666666667
Rape;Perpetrator,4,0,0.285714285714286,0,0
Rape;Result,1,0,0,0,0
Rape;Victim,1,1,0.666666666666667,0.666666666666667,0.666666666666667
Reading;Circumstances,1,0,0,0,0
Reading;Text,1,1,1,1,1
Reason;Action,4,0.666666666666667,0.857142857142857,0.857142857142857,0.857142857142857
Reason;State_of_Affairs,2,0,0,0,0
Receiving;Donor,1,1,1,1,1
Receiving;Place,1,0,0,0,0
Receiving;Purpose_of_theme,2,0,0,0,0
Receiving;Recipient,2,1,1,1,1
Receiving;Theme,2,1,0.5,0.5,0.5
Recovery;Affliction,1,0,1,1,1
Recovery;Patient,1,0,0,0.333333333333333,0
Redirecting;Goal,1,1,0,0,0
Redirecting;Theme,1,0,0,0,0
Reference_text;Information,2,0,0,0,0
Reference_text;Source_of_information,6,0.545454545454545,0.666666666666667,0.666666666666667,0.666666666666667
Regard;Cognizer,2,0,0,0,0
Regard;Evaluee,1,0,0,0,0
Regard;Judgment,1,0,0,0,0
Rejuvenation;Entity,2,0.5,0.5,1,1
Rejuvenation;Time,1,1,1,1,1
Relational_natural_features;Container_possessor,1,0,0,0,0
Relational_natural_features;Descriptor,1,0,0,0,0
Relational_natural_features;Focal_feature,2,1,1,1,1
Relational_quantity;Degree,2,0,0,0,0
Relational_quantity;Denoted_quantity,28,0.909090909090909,0.821428571428571,0.947368421052632,0.857142857142857
Relational_quantity;Individuals,19,0.4,0.222222222222222,0.285714285714286,0.384615384615385
Relational_quantity;Mass,6,0.5,0.666666666666667,0.6,0.666666666666667
Relational_quantity;Reference_quantity,6,0.285714285714286,0.666666666666667,0.666666666666667,0.666666666666667
Relative_time;Focal_occasion,22,0.256410256410256,0.372093023255814,0.454545454545455,0.428571428571429
Relative_time;Focal_participant,1,0,0,0,0
Relative_time;Interval,1,0,0,0,0
Relative_time;Landmark_occasion,11,0.476190476190476,0.444444444444444,0.571428571428571,0.5
Releasing;Agent,1,0,0,1,0
Releasing;Theme,1,1,1,1,1
Reliance;Intermediary,2,0,0,0,0
Reliance;Means,1,0,0,0,0
Reliance;Protagonist,2,0.5,0.5,0.5,0.5
Remainder;Location,1,1,0,0,0
Remainder;Remainder,6,0,1,0.909090909090909,0.909090909090909
Removing;Agent,2,0.666666666666667,1,1,0.5
Removing;Source,2,1,1,1,1
Removing;Theme,4,1,1,1,1
Render_nonfunctional;Agent,1,0,0,0,0
Render_nonfunctional;Artifact,1,0,0,0,0
Reparation;Gift,1,0,0,0,0
Reparation;Injury,1,0,0,0,0
Replacing;Old,1,0,1,0,1
Request;Addressee,6,0.666666666666667,0.909090909090909,0.909090909090909,0.909090909090909
Request;Manner,1,0,0,0,0
Request;Medium,2,0,0,0,0
Request;Message,6,0.428571428571429,0.428571428571429,0.428571428571429,0.428571428571429
Request;Speaker,6,0.923076923076923,0.8,0.8,0.8
Request;Time,2,0.666666666666667,0,0,0
Required_event;Explanation,1,0,0,0,0
Required_event;Purpose,3,0,0,0,0
Required_event;Required_situation,18,0,0,0,0
Required_event;Time,1,0,0,0,0
Research;Researcher,1,0,0,0,0
Research;Topic,6,0.727272727272727,0,0.461538461538462,0
Research;Type,1,0,0,0,0
Residence;Location,2,0.333333333333333,0.333333333333333,0.333333333333333,0.4
Residence;Manner,1,0,0,0,0
Residence;Resident,3,0.857142857142857,0.5,0.5,0.571428571428572
Resolve_problem;Cause,1,0,0,0,0
Resolve_problem;Problem,2,1,1,1,1
Resolve_problem;Time,1,0,0,0,0
Response;Responding_entity,2,0,0,0,0
Response;Response,3,0.4,0,0,0
Response;Time,1,1,1,1,1
Response;Trigger,1,0,0,0,0
Reveal_secret;Containing_event,2,0,0,0,0
Reveal_secret;Information,5,0,1,1,1
Reveal_secret;Speaker,5,0.888888888888889,1,1,1
Reveal_secret;Time,2,1,0,0,0
Revenge;Manner,1,0,0,0,0
Revenge;Offender,3,0.8,0.8,0.8,0.8
Revenge;Punishment,3,0,0,0,0
Revenge;Time,1,0,0,0,0
Rewards_and_punishments;Agent,2,0.666666666666667,0.666666666666667,0.666666666666667,0.666666666666667
Rewards_and_punishments;Evaluee,1,1,1,1,1
Rewards_and_punishments;Response_action,1,0,0,0,0
Ride_vehicle;Goal,9,0.285714285714286,0.461538461538462,0.461538461538462,0.461538461538462
Ride_vehicle;Source,4,0.333333333333333,0.421052631578947,0.421052631578947,0.421052631578947
Ride_vehicle;Theme,18,0,0.736842105263158,0.789473684210526,0.702702702702703
Ride_vehicle;Time,5,0,0,0,0
Ride_vehicle;Vehicle,18,0,0,0,0
Risky_situation;Dangerous_entity,1,0,0,0,0
Risky_situation;Degree,1,1,1,1,1
Risky_situation;Situation,1,0,0,0,0
Rite;Desired_state,1,0,0,0,0
Roadways;Characteristic,3,0,0.571428571428572,0.666666666666667,0.571428571428572
Roadways;Name,18,0.571428571428571,0.666666666666667,0.787878787878788,0.606060606060606
Roadways;Relative_location,1,0,0,0.666666666666667,0
Roadways;Roadway,29,1,1,1,1
Roadways;Use,1,0,0,0,0
Robbery;Goods,3,0.5,0,0,0
Robbery;Victim,1,0,0,0,0
Rotting;Time,1,0,0,0,0
Rotting;Undergoer,1,0,0,0,0
Scrutiny;Cognizer,8,0.4,0.470588235294118,0.470588235294118,0.588235294117647
Scrutiny;Ground,10,0.625,0.444444444444444,0.421052631578947,0.555555555555556
Scrutiny;Manner,2,0,0,0,0
Scrutiny;Medium,1,0,0,0,0
Scrutiny;Purpose,1,0,0,0,0
Secrecy_status;Phenomenon,4,0.75,0.5,0.75,0.5
Seeking;Cognizer_agent,5,0.5,0.888888888888889,0.888888888888889,1
Seeking;Ground,1,0,0,0,0
Seeking;Sought_entity,4,0.571428571428572,0.75,0.75,0.75
Seeking;Time,1,0,0,0,0
Seeking_to_achieve;Agent,3,0.666666666666667,0.4,0.666666666666667,0.4
Seeking_to_achieve;Sought_entity,1,0,0,0,0
Seeking_to_achieve;State_of_affairs,2,0.5,0.5,0.4,1
Self_motion;Area,3,0,0.4,0.4,0.4
Self_motion;Depictive,1,0,0,0,0
Self_motion;Direction,4,0,0,0,0
Self_motion;Distance,1,0,0,1,0
Self_motion;Duration,1,0,0,0,0
Self_motion;Goal,3,0,0.4,0.4,0.4
Self_motion;Manner,1,0,0,0.666666666666667,0
Self_motion;Path,6,0,0.666666666666667,0.666666666666667,0.666666666666667
Self_motion;Reason,1,0,0,0,0
Self_motion;Self_mover,8,0.625,0.705882352941177,0.823529411764706,0.666666666666667
Self_motion;Time,1,0,0,1,0
Sending;Goal,1,1,0.666666666666667,0.666666666666667,1
Sending;Purpose,1,0,1,0,0
Sending;Reason,1,0,0,0,0
Sending;Recipient,3,0,0.5,0.5,0
Sending;Sender,1,0.4,0.666666666666667,0.666666666666667,0.666666666666667
Sending;Theme,5,0.2,0.2,0.2,0.6
Sensation;Percept,2,0,0,0,0.666666666666667
Sentencing;Convict,3,0,0.666666666666667,0.571428571428572,0.571428571428572
Sentencing;Court,3,0,0,0,0
Sentencing;Depictive,1,0,0,0,0
Sentencing;Sentence,4,0,0.727272727272727,0.727272727272727,0.727272727272727
Sentencing;Term_of_sentence,3,0,0,0.4,0
Separating;Parts,1,0,0,0,0
Separating;Whole,1,1,1,1,1
Setting_fire;Flammables,1,0,0,0,0
Setting_fire;Kindler,1,0,0,0,0
Setting_fire;Time,1,0,0,0,0
Shapes;Shape,1,0,1,1,1
Shapes;Substance,1,0,0,0,0
Sharpness;Entity,1,1,1,1,1
Shoot_projectiles;Agent,1,0,0,0,0
Shoot_projectiles;Projectile,1,0,0,0,0
Shopping;Goods,1,0,0,0,0
Sign_agreement;Agreement,7,0.307692307692308,0.285714285714286,0.428571428571429,0.285714285714286
Sign_agreement;Signatory,8,0.714285714285714,0.571428571428572,0.714285714285714,0.714285714285714
Sign_agreement;Time,4,1,1,1,0.857142857142857
Similarity;Dimension,1,0,0,0,0
Similarity;Entities,4,0.285714285714286,0.666666666666667,0.75,0.666666666666667
Similarity;Entity_1,8,0.5,0.4,0.4,0.666666666666667
Similarity;Entity_2,7,0.4,0.428571428571429,0.428571428571429,0.428571428571429
Simple_name;Term,1,0,0,0,0
Size;Degree,2,0.666666666666667,0.666666666666667,0.666666666666667,0.666666666666667
Smuggling;Goal,1,1,1,1,1
Smuggling;Goods,1,1,1,1,1
Smuggling;Perpetrator,1,0,1,1,1
Social_connection;Connection,1,0,0,0,0
Social_connection;Individual1,1,1,0,1,0
Social_connection;Individual2,1,1,1,1,1
Social_event;Name,1,0,0,0,0
Social_event;Occasion,1,0,0,0,0
Social_event;Refreshment,1,0,0,0,0
Social_event;Social_event,4,0,1,1,1
Social_interaction_evaluation;Behavior,1,0,0,0,0
Sole_instance;Item,1,0,0,0,0
Sole_instance;Type,4,0,0,0,0
Sounds;Component_sound,1,0,0,0,0
Sounds;Location_of_sound_source,1,0,0,0,0
Sounds;Sound_source,2,0.8,1,1,1
Source_of_getting;Descriptor,1,0.666666666666667,0.5,0.5,0.5
Source_of_getting;Source,3,1,1,1,1
Source_of_getting;Theme,3,0,0.5,0.5,0.5
Speak_on_topic;Speaker,1,0,1,1,1
Speak_on_topic;Topic,1,1,0,0,0
Speed;Attribute,1,0,0,1,0
Speed;Degree,1,0,0,0,0
Speed;Entity,1,0,0,0,0
Stage_of_progress;Entity,4,0.5,0.5,0.5,0.5
State_continue;Depictive,1,0,0,0,0
State_continue;Entity,7,0.428571428571429,0.428571428571429,0.428571428571429,0.428571428571429
State_continue;State,7,0.571428571428571,0.857142857142857,1,0.923076923076923
State_continue;Time,1,0,0,0,0
Statement;Addressee,1,0,0,0,0
Statement;Degree,1,0,0,0,0
Statement;Manner,1,0,0,0,0
Statement;Medium,1,0,0,0,0
Statement;Message,69,0.586466165413534,0.571428571428571,0.577777777777778,0.616541353383459
Statement;Place,1,0,0,0,0
Statement;Speaker,68,0.775193798449612,0.794117647058823,0.811594202898551,0.823529411764706
Statement;Time,15,0.518518518518519,0.125,0,0.125
Statement;Topic,5,0,0,0,0
Stimulus_focus;Degree,1,0,1,1,1
Stimulus_focus;Experiencer,1,0,0,0,0
Stimulus_focus;Stimulus,8,0.266666666666667,0.222222222222222,0.222222222222222,0.222222222222222
Store;Descriptor,1,0,0,0,0
Store;Possessor,1,1,1,0,1
Store;Resource,6,0.4,0.545454545454545,0.545454545454545,0.545454545454545
Store;Supply,3,0.666666666666667,0.666666666666667,0.666666666666667,0.666666666666667
Storing;Agent,2,0.666666666666667,0.666666666666667,0.666666666666667,0.666666666666667
Storing;Location,3,0,0,0,0
Storing;Place,1,0,0,0,0
Storing;Theme,3,0.333333333333333,0.333333333333333,0.333333333333333,1
Strictness;Agent,1,0,0,0,0
Strictness;Degree,1,0,0,0,0
Submitting_documents;Documents,1,1,1,1,0
Submitting_documents;Time,1,1,1,1,1
Subordinates_and_superiors;Subordinate,1,0,0,0,0
Subordinates_and_superiors;Superior,1,0,0,0,0
Substance;Constituents,1,0,0,0,0
Substance;Substance,17,0.971428571428571,0.971428571428571,0.971428571428571,0.971428571428571
Substance;Type,2,0,0,0,0
Substance;Use,1,0,0,0,0
Successful_action;Goal,3,1,0,0,0
Successful_action;Means,4,0,0,0,0
Sufficiency;Enabled_situation,1,0,1,1,1
Sufficiency;Item,1,0.666666666666667,0.5,0.5,0.5
Sufficiency;Scale,2,0,0,0,0
Suitability;Evaluee,1,0,0,0,1
Suitability;Purpose,1,1,1,1,1
Supply;Circumstances,1,0,0,0,0
Supply;Purpose_of_recipient,1,0,0,0,0
Supply;Recipient,5,0,0.75,0.8,0.888888888888889
Supply;Supplier,7,0.266666666666667,0.428571428571429,0.5,0.571428571428571
Supply;Theme,10,0.5,0.631578947368421,0.526315789473684,0.631578947368421
Supporting;Supported,1,0,0,0,0
Supporting;Supporter,2,1,1,1,1
Surrendering_possession;Surrenderer,1,0,1,1,1
Surrendering_possession;Theme,1,0,1,1,1
Suspicion;Incident,3,0,1,1,1
Suspicion;Suspect,3,1,1,1,1
System;Complex,11,0.916666666666667,0.916666666666667,0.916666666666667,0.916666666666667
System;Component_entities,3,0,0,0,0
System;Descriptor,1,0,0,0,0
System;Function,4,0.25,0.222222222222222,0.222222222222222,0
Take_place_of;New,3,0.4,0.666666666666667,0.666666666666667,0.666666666666667
Take_place_of;Old,3,0.8,0.8,0.8,0.8
Taking;Agent,3,0.8,0.571428571428572,0.5,0.666666666666667
Taking;Place,1,0,1,0.666666666666667,0
Taking_sides;Action,1,0,0,0,0
Taking_sides;Cognizer,3,0.333333333333333,0,0.5,0
Taking_sides;Side,3,0.4,0.4,0.4,0.8
Taking_time;Activity,3,0.8,0.8,0.4,0.8
Taking_time;Degree,1,1,1,1,1
Taking_time;Time_length,1,0,0,0,0
Telling;Addressee,5,1,1,1,1
Telling;Manner,1,0,0,0,0
Telling;Message,4,0.444444444444444,0.5,0.5,0.5
Telling;Speaker,5,1,1,1,1
Telling;Time,2,0,0,0,0
Temporal_collocation;Event_description,1,0,0,0,0
Temporal_collocation;Landmark_event,11,0.470588235294118,0.153846153846154,0.133333333333333,0.142857142857143
Temporal_collocation;Landmark_period,21,0.91304347826087,0.790697674418605,0.844444444444444,0.863636363636364
Temporal_collocation;Trajector_entity,5,0.333333333333333,0.333333333333333,0.333333333333333,0.333333333333333
Temporal_collocation;Trajector_event,46,0.0533333333333333,0.0256410256410256,0.0481927710843373,0.0526315789473684
Temporal_subregion;Sub_part,12,1,0.8,0.8,0.8
Temporal_subregion;Time_period,11,0.818181818181818,0.695652173913043,0.727272727272727,0.695652173913043
Temporary_stay;Guest,1,0,1,1,1
Temporary_stay;Location,1,0,0,1,0
Terms_of_agreement;Agreement,1,0,0,0,0
Terms_of_agreement;Regulated_entity,1,0,0,0,0
Terms_of_agreement;Requirements,1,1,0,0,0
Terrorism;Act,1,1,1,1,1
Text;Author,4,0.333333333333333,0.4,0.333333333333333,0.4
Text;Components,1,0,0,0,0
Text_creation;Addressee,1,0,0,0,0
Text_creation;Author,3,1,0.857142857142857,1,0.857142857142857
Text_creation;Form,2,0,0,0,0
Text_creation;Place,1,0,0,0,0
Text_creation;Text,5,0.6,0.8,0.8,0.6
Theft;Goods,2,0.5,0.5,0.4,0.8
Theft;Perpetrator,1,0,0,0,0
Thriving;Entity,1,0.666666666666667,0.666666666666667,0.666666666666667,0.666666666666667
Thwarting;Action,2,0.666666666666667,1,1,1
Thwarting;Preventing_cause,2,0.666666666666667,0.666666666666667,0.666666666666667,0.666666666666667
Thwarting;Protagonist,1,1,1,1,1
Time_vector;Direction,21,0.545454545454545,0.615384615384615,0.585365853658537,0.578947368421053
Time_vector;Distance,9,0.615384615384615,0.615384615384615,0.615384615384615,0.615384615384615
Time_vector;Event,29,0.0317460317460318,0.0338983050847458,0,0.0327868852459016
Time_vector;Landmark_event,25,0.784313725490196,0.521739130434783,0.775510204081633,0.6
Topic;Communicator,2,0,0,0,0
Topic;Text,3,0,0,0,0
Topic;Topic,8,0.625,0.625,0.5,0.5
Touring;Attraction,2,0,0.666666666666667,0.666666666666667,0.666666666666667
Touring;Duration,1,0,0,0,0
Touring;Means,1,0,0,0,0
Touring;Tourist,5,0,0,0,0
Transfer;Recipient,2,1,1,1,1
Transfer;Theme,2,1,1,1,1
Transfer;Time,1,0,1,1,1
Travel;Area,1,0,0,0,0
Travel;Duration,1,0,0,0,0
Travel;Frequency,3,0,0,0,0
Travel;Goal,3,0,0,0,0
Travel;Path,1,0,0,0,0
Travel;Traveler,6,0,0.307692307692308,0.307692307692308,0.153846153846154
Traversing;Direction,1,0,0,0,0
Traversing;Path,4,0.857142857142857,0.857142857142857,0.857142857142857,0.857142857142857
Traversing;Theme,5,0.4,0.4,0.4,1
Trendiness;Behavior,1,0,0,0,0
Trial;Case,3,0,0.857142857142857,0.857142857142857,0.857142857142857
Trial;Defendant,2,0,0,0,0
Trust;Cognizer,2,1,1,1,1
Trust;Information,1,0,0,0,0
Trust;Source,1,0,0,0,0
Try_defendant;Defendant,2,0,1,1,1
Try_defendant;Governing_authority,2,0,0,0,0
Type;Category,6,0.8,0.833333333333333,0.833333333333333,0.833333333333333
Type;Item_Property,2,0,0,0,0
Type;Subtype,6,1,1,1,1
Type;Type_Property,1,0,0,0,0
Typicality;Entity,2,1,1,1,1
Unattributed_information;Explanation,1,0,0,0,0
Unattributed_information;Reported_fact,11,0.105263157894737,0.19047619047619,0.19047619047619,0.19047619047619
Unattributed_information;Time,2,0,0,0,0
Undergo_change;Attribute,2,0,0,0,0
Undergo_change;Entity,1,1,0.4,0.4,0.5
Undergo_change;Manner,1,0,0,0,0
Undergoing;Entity,2,0,0.5,0.5,0.5
Used_up;Resource,1,0,1,1,1
Usefulness;Degree,2,0.666666666666667,0.5,0.8,0.5
Usefulness;Entity,5,0.4,0.4,0.4,0.4
Usefulness;Purpose,2,1,0.8,0.8,1
Usefulness;Time,1,0,1,1,1
Using;Agent,5,0.285714285714286,0.2,0.666666666666667,0.25
Using;Containing_event,1,0,0,0,0
Using;Degree,1,0,1,1,1
Using;Instrument,15,0.551724137931034,0.571428571428572,0.642857142857143,0.666666666666667
Using;Manner,1,0,0,0,0
Using;Purpose,7,0.545454545454545,0.5,0.461538461538462,0.5
Using;Role,2,0,0.666666666666667,0.666666666666667,0.666666666666667
Using;Time,2,0,0,0,0
Vehicle;Descriptor,4,0.333333333333333,0.444444444444444,0.4,0.5
Vehicle;Itinerary,11,0,0,0,0
Vehicle;Possessor,2,0.5,0,0,0
Vehicle;Use,1,0,0,0,0
Vehicle;Vehicle,52,0.990476190476191,0.990476190476191,0.990476190476191,0.990476190476191
Verdict;Charges,1,0,0,1,0
Verdict;Defendant,3,0,0.4,0.4,0.4
Verdict;Finding,3,0,0.666666666666667,0.666666666666667,0.666666666666667
Verdict;Place,1,0,0,0,0
Verification;Inspector,4,0,0.857142857142857,0.857142857142857,0.666666666666667
Verification;Time,1,0,0,0,0
Verification;Unconfirmed_content,6,0.666666666666667,0.666666666666667,0.727272727272727,0.166666666666667
Visiting;Agent,6,0.769230769230769,0.615384615384615,0.769230769230769,0.615384615384615
Visiting;Entity,1,0,1,1,1
Waiting;Duration,1,0,0,0,0
Waiting;Expected_event,3,0,0,0,0
Waiting;Place,3,0,0,0,0
Waiting;Protagonist,7,0.6,0.666666666666667,0.533333333333333,0.571428571428571
Waiting;Purpose,2,0,0,0,0
Waiting;Salient_entity,3,0,0,0,0
Waiting;Time,1,0,0,0,0
Waking_up;Sleeper,1,0,1,1,1
Waking_up;Time,1,0,0,0,0
Wealthiness;Institution,1,0,0,0,0
Wealthiness;Person,1,0,1,1,1
Weapon;Name,3,0.5,0,0.5,0
Weapon;Type,8,0.941176470588235,0.933333333333333,0.933333333333333,0.933333333333333
Weapon;Use,3,0,0,0,0
Weapon;Weapon,65,0.814814814814815,0.823529411764706,0.823529411764706,0.823529411764706
Wearing;Clothing,1,0,1,1,0
Wearing;Time,1,0,0,0,0
Wearing;Wearer,1,0,0,0,0
Weather;Specification,2,0,0,0,0
Weather;Time,2,0,0,0,0
Withdraw_from_participation;Organization,2,0,1,1,1
Withdraw_from_participation;Participant,3,0.8,0.571428571428572,0.285714285714286,0.333333333333333
Working_on;Agent,2,0.666666666666667,1,1,1
Working_on;Degree,1,0,1,1,1
Working_on;Goal,1,0,0,0,0
Working_on;Manner,1,0,0,0,0
Working_on;Salient_entity,1,0,0,0,0
